{"cameraMode":{"drawMode":0,"name":"Shaded","section":"Shading Mode"},"sceneLighting":false,"audioPlay":false,"sceneViewState":{"m_AlwaysRefresh":false,"showFog":true,"showSkybox":false,"showFlares":true,"showImageEffects":true,"showParticleSystems":true,"showVisualEffectGraphs":true,"m_FxEnabled":true},"in2DMode":false,"pivot":{"x":2.3688204288482668,"y":1.707574486732483,"z":-1.8614709377288819},"rotation":{"x":0.06505078077316284,"y":0.4495585262775421,"z":-0.032775700092315677,"w":0.8902536034584045},"size":1.2247449159622193,"orthographic":false}