{"cameraMode":{"drawMode":0,"name":"Shaded","section":"Shading Mode"},"sceneLighting":false,"audioPlay":false,"sceneViewState":{"m_AlwaysRefresh":false,"showFog":true,"showSkybox":false,"showFlares":true,"showImageEffects":true,"showParticleSystems":true,"showVisualEffectGraphs":true,"m_FxEnabled":true},"in2DMode":false,"pivot":{"x":0.41037535667419436,"y":0.21446716785430909,"z":-0.18446063995361329},"rotation":{"x":-0.13014623522758485,"y":-0.2961534559726715,"z":0.04077155515551567,"w":-0.9453507661819458},"size":2.872281312942505,"orthographic":false}